<?xml version="1.0" encoding="UTF-8"?>
<beans xmlns="http://www.springframework.org/schema/beans"
       xmlns:xsi="http://www.w3.org/2001/XMLSchema-instance"
       xsi:schemaLocation="http://www.springframework.org/schema/beans
           http://www.springframework.org/schema/beans/spring-beans-3.0.xsd">

	<!-- ※ 스프링이 제공하는 환경 설정 XML 파일 -->
	
	<!-- id="" 속성은 객체 대한 식별자를 지정하는 역할을 수행 -->
	<!-- class="" 속성은 생성하고자 하는 객체의 클래스를 지정하는 역할 -->
	
	<!-- Record 인터페이스를 implements 하는 RecordImpl1 클래스에 대한 객체 생성 과정 -->
	<bean id="record1" class="com.test.spr.RecordImpl1"></bean>
	<!-- com.test.spr.RecordImpl1 record1=new com.test.spr.RecordImpl1(); -->
	
	<!-- Record 인터페이스를 implements 하는 RecordImpl2 클래스에 대한 객체 생성 과정 -->
	<bean id="record2" class="com.test.spr.RecordImpl2"></bean>
	<!-- com.test.spr.RecordImpl1 record1=new com.test.spr.RecordImpl2(); -->
	
	<!-- RecordView 인터페이스를 implements하는 RecordViewImpl 클래스에 대한 객체 생성 과정 -->
	<!-- 위의 두 객체 생성 과정과 달리 이번에 생성할 객체는 의존성 주입이 이루어져야 하는 -->
	<bean id="view" class="com.test.spr.RecordViewImpl">
	
		<!-- RecordImpl 객체(의존객체)에 대한 DI 설정 -->
		<!-- property 엘리먼트는 setter 메소드에 대한 정의를 설정하는 과정 -->
		<!-- setXXX() 메소드인 경우 <property name="XXX"></property>로 설정 -->
		<property name="record">
			<!-- ref 엘리먼트는 DI 객체에 대한 참조 지정 과정 -->
			<ref bean="record2"/>
		</property>	
		
	</bean>

</beans>












